{"success_rate": 0.0, "_timestamp": 1663954065.834174, "_runtime": 11986.94760298729, "_step": 16, "_wandb": {"runtime": 12429}}