{"success_rate": 0.0, "_timestamp": 1663930454.7562082, "_runtime": 1656.1850581169128, "_step": 2, "_wandb": {"runtime": 1841}}