{"success_rate": 0.0, "_timestamp": 1663891409.399821, "_runtime": 2943.486652135849, "_step": 4, "_wandb": {"runtime": 3014}}