{"success_rate": 0.0, "_timestamp": 1663532986.431024, "_runtime": 79988.16429901123, "_step": 13, "_wandb": {"runtime": 82250}}