{"success_rate": 0.0, "_timestamp": 1663934320.5164301, "_runtime": 51689.39215803146, "_step": 99, "_wandb": {"runtime": 51688}}