{"success_rate": 0.0, "_timestamp": 1664023744.221694, "_runtime": 62110.260117053986, "_step": 22, "_wandb": {"runtime": 62109}}