{"success_rate": 0.0, "_timestamp": 1663749315.0139499, "_runtime": 43949.227222919464, "_step": 94}