{"success_rate": 0.0, "_timestamp": 1663661628.9683719, "_runtime": 43745.52497792244, "_step": 21}