{"success_rate": 0.0, "_timestamp": 1663623139.508969, "_runtime": 5256.065575122833, "_step": 1}