{"success_rate": 0.0, "_timestamp": 1663803719.524075, "_runtime": 2151.913856983185, "_step": 4}