{"success_rate": 0.0, "_timestamp": 1663536695.598753, "_runtime": 42679.7277879715, "_step": 51, "_wandb": {"runtime": 42679}}