{"success_rate": 0.0, "_timestamp": 1663623255.080854, "_runtime": 88434.72815394402, "_step": 72}