{"success_rate": 0.0, "_timestamp": 1663643222.408152, "_runtime": 108402.05545210838, "_step": 99, "_wandb": {"runtime": 108404}}