{"success_rate": 0.0, "_timestamp": 1663908744.1687071, "_runtime": 52962.12348604202, "_step": 99, "_wandb": {"runtime": 52961}}