{"success_rate": 0.0, "_timestamp": 1663534897.311004, "_runtime": 120360.14977788925, "_step": 17, "_wandb": {"runtime": 120695}}