{"success_rate": 0.0, "_timestamp": 1663886762.973494, "_runtime": 31020.58987903595, "_step": 99, "_wandb": {"runtime": 31020}}