{"success_rate": 0.0, "_timestamp": 1663834466.608691, "_runtime": 28426.59432196617, "_step": 107, "_wandb": {"runtime": 28576}}