{"success_rate": 0.12, "_timestamp": 1664023806.601446, "_runtime": 13701.740444898605, "_step": 13, "_wandb": {"runtime": 13701}}