{"success_rate": 0.0, "_timestamp": 1663951423.429322, "_runtime": 63880.15650510788, "_step": 99, "_wandb": {"runtime": 63879}}