{"success_rate": 0.0, "_timestamp": 1664023871.65261, "_runtime": 13523.6147210598, "_step": 21, "_wandb": {"runtime": 13522}}