{"success_rate": 0.0, "_timestamp": 1664023654.657759, "_runtime": 81102.35130000114, "_step": 92, "_wandb": {"runtime": 81101}}