{"success_rate": 0.0, "_timestamp": 1664023700.9890308, "_runtime": 4559.895948886871, "_step": 3, "_wandb": {"runtime": 4559}}