{"success_rate": 0.04, "_timestamp": 1663983145.587067, "_runtime": 30851.515833854675, "_step": 99, "_wandb": {"runtime": 30850}}