{"success_rate": 0.0, "_timestamp": 1663863792.3867981, "_runtime": 1148.6196992397308, "_step": 1, "_wandb": {"runtime": 1482}}