{"success_rate": 0.0, "_timestamp": 1663531259.305475, "_runtime": 12910.189410924911, "_step": 10, "_wandb": {"runtime": 13759}}