{"success_rate": 0.0, "_timestamp": 1664020648.7119439, "_runtime": 65837.93747878075, "_step": 96}