{"success_rate": 0.6, "_timestamp": 1663536842.987819, "_runtime": 122293.4584748745, "_step": 82, "_wandb": {"runtime": 122559}}