{"success_rate": 0.0, "_timestamp": 1663623782.23017, "_runtime": 35586.74080109596, "_step": 21}