{"success_rate": 0.0, "_timestamp": 1663662791.7447522, "_runtime": 74596.2553832531, "_step": 51}