{"success_rate": 0.0, "_timestamp": 1663998249.740159, "_runtime": 66906.28163194656, "_step": 99, "_wandb": {"runtime": 66905}}