{"success_rate": 0.0, "_timestamp": 1663534877.304833, "_runtime": 35669.994689941406, "_step": 8, "_wandb": {"runtime": 35977}}