train_0/mu_loss,train_1/current_q,train_0/fw_loss,test_1/n_subgoals,train_0/current_q,train_0/reward_-1.0_frac,train_1/reward_-1.0_frac,test_1/subgoal_succ_rate,train_0/q_grads,train_1/n_subgoals,train_1/reward_-27.0_frac,train_1/avg_q,train_0/q_grads_std,test/episodes,train/success_rate,train_1/reward_-0.0_frac,train_1/subgoal_succ_rate,train_0/fw_bonus,train_1/next_q,train_0/target_q,policy/steps,train_1/reward,train_0/reward_-0.0_frac,train_1/fw_loss,epoch,train_1/q_grads,train_0/mu_grads_std,train_1/q_grads_std,train_1/mu_grads_std,train_0/next_q,train/episodes,train_1/q_loss,test/success_rate,test_0/avg_q,test_1/avg_q,train_1/fw_bonus,train_1/mu_grads,train_0/q_loss,train_1/target_q,train_0/reward,train_0/avg_q,train_1/mu_loss,train_0/mu_grads
0.1498807504625171,-15.337481457888051,0.00032206324685830624,677.0,-0.13454925538312654,0.00068359375,0.00615234375,0.0029542097488921715,0.013753179833292961,2700.0,0.0,-10.319966665876105,0.10974791273474693,25.0,0.0,0.0,0.04111111111111111,-0.9985430777072907,-18.37142568929133,-0.6899686277993007,88829.0,-2.4542367112167995,0.0,0.002536103408783674,0,0.028776295110583307,0.10551631525158882,0.1310697689652443,0.10930023714900017,-0.14854996537316728,100.0,39.85814703007186,0.0,-0.18107760148424046,-22.840438774617716,-0.9927281081676483,0.009948496520519257,0.49961293575947485,-15.189566110043822,-0.6135029579978436,-1.9082909252993876,18.396231889800013,-0.002419500984251499
