{"success_rate": 0.96, "_timestamp": 1663737293.68157, "_runtime": 31957.977833032608, "_step": 99, "_wandb": {"runtime": 31957}}