{"success_rate": 0.68, "_timestamp": 1663839362.882786, "_runtime": 35264.73752403259, "_step": 99, "_wandb": {"runtime": 35264}}