{"success_rate": 0.0, "_timestamp": 1663939220.3790069, "_runtime": 47221.15284585953, "_step": 99, "_wandb": {"runtime": 47220}}