{"success_rate": 0.0, "_timestamp": 1663517832.212373, "_runtime": 4852.852066993713, "_step": 1, "_wandb": {"runtime": 4875}}