{"success_rate": 0.0, "_timestamp": 1663622691.720671, "_runtime": 36539.30265593529, "_step": 16}