{"success_rate": 0.08, "_timestamp": 1663662546.569872, "_runtime": 76394.15185689926, "_step": 37}