{"success_rate": 0.0, "_timestamp": 1663749018.671968, "_runtime": 43838.50041294098, "_step": 72}