{"success_rate": 0.0, "_timestamp": 1663531347.677879, "_runtime": 187268.68634700775, "_step": 36, "_wandb": {"runtime": 191097}}