train_0/avg_q,test_0/avg_q,train_1/target_q,train_0/q_grads_std,train_1/current_q,train_1/reward,test_1/n_subgoals,train_1/mu_grads_std,train_1/next_q,train_1/avg_q,train/episodes,train_0/next_q,train_0/mu_grads,test_1/subgoal_succ_rate,train_0/mu_loss,train_1/reward_-27.0_frac,test_1/avg_q,train_0/reward_-1.0_frac,train_1/fw_loss,train_0/mu_grads_std,train_0/q_grads,train_0/reward,epoch,train_0/q_loss,train_0/target_q,train_0/current_q,train_1/q_grads,train_1/q_grads_std,train_1/n_subgoals,test/episodes,test/success_rate,train_1/reward_-0.0_frac,train_0/reward_-0.0_frac,train_1/fw_bonus,train_1/mu_loss,train_1/mu_grads,train_0/fw_loss,train_0/fw_bonus,train/success_rate,policy/steps,train_1/subgoal_succ_rate,train_1/reward_-1.0_frac,train_1/q_loss
-2.2490800431403426,-3.685642189476988,-7.567790865085522,0.14790587238967418,-7.57249816259899,-1.47845242733747,1581.0,0.1323999110609293,-7.619966248588389,-4.730852851826985,100.0,-3.21968420308029,-0.006549196178093552,0.5939278937381404,3.2126503087534446,0.0,-9.77529367788812,4.8828125e-05,0.0013763794850092381,0.1630187064409256,0.015210024104453624,-0.8675429530805558,0,0.8099359657055913,-3.4308635675938404,-3.35083405688351,0.013967933342792093,0.18540380634367465,2700.0,25.0,0.0,0.0,0.0,-0.9981741890311241,7.710649919734513,-0.002384721057023853,0.00022978579836490097,-0.9991799905896187,0.0,84253.0,0.12,0.001904296875,3.715504244904082
-14.437122963576208,-2.355967034041814,-6.225099953393197,0.19035656452178956,-6.232301857591476,-1.4637706205467111,675.0,0.1374832347035408,-6.369125097698314,-8.701941375623651,200.0,-4.829468839615229,-0.003920362616190687,0.0,4.785361577107901,0.0,-7.678152262812859,0.0001220703125,0.0012659162079216913,0.2086580254137516,0.022758836997672914,-0.8650885874885716,1,1.0045178123294325,-5.041001406167337,-4.765829650814661,0.009504661639221012,0.20246944017708302,2700.0,50.0,0.0,0.0,0.0,-0.9985935732722282,6.383725347639611,-0.0013258333085104824,0.0001875842262961669,-0.9993336230516434,0.0,168945.0,0.10333333333333333,0.0017822265625,2.4537703867237775
