{"success_rate": 0.0, "_timestamp": 1663622760.1726432, "_runtime": 84811.39709424973, "_step": 32}