{"success_rate": 0.0, "_timestamp": 1663654002.77805, "_runtime": 116054.0025010109, "_step": 52}