{"success_rate": 0.0, "_timestamp": 1663800827.602017, "_runtime": 5025.23556303978, "_step": 12, "_wandb": {"runtime": 5084}}