{"success_rate": 0.0, "_timestamp": 1663662629.5952451, "_runtime": 127057.16796016693, "_step": 56}