{"success_rate": 0.0, "_timestamp": 1663621503.857019, "_runtime": 85931.42973399162, "_step": 35}