{"success_rate": 0.0, "_timestamp": 1663662380.5468218, "_runtime": 73329.86151885986, "_step": 40}