{"success_rate": 0.0, "_timestamp": 1663621897.377921, "_runtime": 32846.69261813164, "_step": 15}