{"success_rate": 0.0, "_timestamp": 1663644791.549016, "_runtime": 107745.00585699081, "_step": 99, "_wandb": {"runtime": 107744}}