{"success_rate": 0.0, "_timestamp": 1663623444.63434, "_runtime": 86398.09118103981, "_step": 72}