{"success_rate": 0.36, "_timestamp": 1663662553.747267, "_runtime": 124393.01885700226, "_step": 71}