{"success_rate": 0.0, "_timestamp": 1663621738.961826, "_runtime": 83578.23341608047, "_step": 43}