{"success_rate": 0.0, "_timestamp": 1664023784.194735, "_runtime": 74189.17969107628, "_step": 92, "_wandb": {"runtime": 74188}}