{"success_rate": 0.9333333333333333, "_timestamp": 1663493285.8048441, "_runtime": 139635.19619703293, "_step": 102, "_wandb": {"runtime": 139859}}