{"success_rate": 0.0, "_timestamp": 1663535087.151571, "_runtime": 181450.57702994347, "_step": 49, "_wandb": {"runtime": 181565}}