{"success_rate": 0.06666666666666667, "_timestamp": 1663450841.677793, "_runtime": 106774.12561202049, "_step": 99, "_wandb": {"runtime": 106854}}