{"success_rate": 0.0, "_timestamp": 1663661675.84706, "_runtime": 117560.42477488518, "_step": 44}