{"success_rate": 0.0, "_timestamp": 1663622490.410644, "_runtime": 78374.98835897446, "_step": 24}