{"success_rate": 0.0, "_timestamp": 1663510191.085035, "_runtime": 3294.576644182205, "_step": 0, "_wandb": {"runtime": 6039}}