{"success_rate": 0.0, "_timestamp": 1664024097.0190542, "_runtime": 62066.78820323944, "_step": 64, "_wandb": {"runtime": 62066}}