{"success_rate": 0.0, "_timestamp": 1663748831.137828, "_runtime": 43586.20727109909, "_step": 84}