{"success_rate": 0.0, "_timestamp": 1663863635.780202, "_runtime": 627.7609000205994, "_step": 0}