{"success_rate": 0.0, "_timestamp": 1663622634.0440419, "_runtime": 34590.2818877697, "_step": 20}