{"success_rate": 0.0, "_timestamp": 1663662901.7402089, "_runtime": 74857.97805476189, "_step": 50}