{"success_rate": 0.04, "_timestamp": 1664028399.704161, "_runtime": 4240.1427619457245, "_step": 13}