{"success_rate": 0.04, "_timestamp": 1664023708.0935419, "_runtime": 13343.111857891083, "_step": 23, "_wandb": {"runtime": 13342}}