{"success_rate": 0.12, "_timestamp": 1664028442.7514172, "_runtime": 1848.0453350543976, "_step": 0}