{"success_rate": 0.0, "_timestamp": 1663840174.357784, "_runtime": 39255.64214301109, "_step": 83}