{"success_rate": 0.0, "_timestamp": 1664002849.0975292, "_runtime": 67951.23391413689, "_step": 99, "_wandb": {"runtime": 67950}}