{"success_rate": 0.0, "_timestamp": 1663498023.036135, "_runtime": 46343.18987798691, "_step": 1, "_wandb": {"runtime": 47416}}