{"success_rate": 0.0, "_timestamp": 1664028562.552386, "_runtime": 4410.471256017685, "_step": 12}